{
  "train_loss": [
    0.5966397324985414,
    0.46504568705572114,
    0.4055976162891793,
    0.37454125837905955,
    0.349041064885871,
    0.3307136788689731,
    0.31648366058621874,
    0.3039052136478935,
    0.2940344471097738,
    0.28685243840237884,
    0.2757384695693652,
    0.2706112792679581,
    0.2624471866508704,
    0.25831065465669956,
    0.25313095484853654
  ],
  "val_acc": [
    0.7433013222562669,
    0.7995434822842337,
    0.8040675317197556,
    0.8310061897221822,
    0.8524954245409118,
    0.8662115198749717,
    0.8760616093277673,
    0.8793723909601266,
    0.8630652491311769,
    0.8954944580394415,
    0.8901272903000267,
    0.8953916387340887,
    0.9010261366674207,
    0.9095395751506303,
    0.9098274692056181
  ],
  "training_time_sec": 192.30998969078064,
  "model_params": 655873
}