{
  "NDCG@1": 0.049,
  "MRR@1": 0.049,
  "Recall@1": 0.0101,
  "NDCG@5": 0.044985422967333585,
  "MRR@5": 0.09348333333333335,
  "Recall@5": 0.043900000000000015,
  "NDCG@10": 0.06256384174323128,
  "MRR@10": 0.10813968253968256,
  "Recall@10": 0.07658333333333361
}