{
  "NDCG@1": 0.08255933952528378,
  "MRR@1": 0.09287925696594428,
  "Recall@1": 0.0034039620078658867,
  "NDCG@5": 0.10221750347018287,
  "MRR@5": 0.17094943240454089,
  "Recall@5": 0.020733094132430883,
  "NDCG@10": 0.11546848343395906,
  "MRR@10": 0.19193572165708403,
  "Recall@10": 0.057832634431197905
}