{
  "NDCG@1": 0.10319917440660473,
  "MRR@1": 0.1238390092879257,
  "Recall@1": 0.0067057141984684316,
  "NDCG@5": 0.09923205156978382,
  "MRR@5": 0.19081527347781224,
  "Recall@5": 0.02387344983180223,
  "NDCG@10": 0.11240344043112944,
  "MRR@10": 0.2103678313430637,
  "Recall@10": 0.05299607369155131
}