{
  "train_loss": [
    0.5026023877301407,
    0.1946934131207749,
    0.11392725135495714,
    0.08493448229916277,
    0.06985454147924881,
    0.06075736070586852,
    0.05491191701748906,
    0.04846821189379738,
    0.04413074096546341,
    0.04207386945043372,
    0.03730717270977497,
    0.03623340728882065,
    0.035751249910622666,
    0.032342402087868975,
    0.030882800132313436
  ],
  "val_acc": [
    0.8869193279730202,
    0.9607847169384524,
    0.9769684756009789,
    0.9833227086717802,
    0.9848444343910012,
    0.9894507392708055,
    0.9908490818236032,
    0.9898620164922166,
    0.9908490818236032,
    0.990211602130416,
    0.9900059635197105,
    0.993213925846717,
    0.9930699788192231,
    0.9889160788829711,
    0.9935840753459869
  ],
  "training_time_sec": 175.15406012535095,
  "model_params": 164353
}