{
  "train_loss": [
    0.6785898925226844,
    0.665932122951498,
    0.660233494733351,
    0.6562270199966912,
    0.6531838217118349,
    0.650827807315812,
    0.6484833771463901,
    0.6466605066952459,
    0.6448805821347808,
    0.6433822160861531,
    0.6420245268681611,
    0.6406090135832904,
    0.639365779639493,
    0.6382378876585076,
    0.6371610456577316
  ],
  "val_acc": [
    0.5919223129551975,
    0.5915439669577829,
    0.606772393353722,
    0.6007188573950878,
    0.6010026168931488,
    0.6193523977677586,
    0.6220954062490147,
    0.6215278872528928,
    0.6185011192735757,
    0.6204559069268847,
    0.6186272346060472,
    0.6191316959359334,
    0.622000819749661,
    0.6291578648674212,
    0.6305451335246083
  ],
  "training_time_sec": 96.6568992137909,
  "model_params": 1281
}