{
  "train_loss": [
    0.5978340254908114,
    0.36706569575865344,
    0.22883339353465862,
    0.1582339871947478,
    0.1187416821731085,
    0.09361393800332253,
    0.07812421829863307,
    0.0650960487838443,
    0.05761299483081426,
    0.05172550892408341,
    0.04573893637428874,
    0.041670844571935796,
    0.03798237918030583,
    0.03583137095190535,
    0.03324193685158286
  ],
  "val_acc": [
    0.8026074975837463,
    0.9164284686092661,
    0.9543893561455099,
    0.9691336445330976,
    0.977976104793436,
    0.9748092701885706,
    0.9862016492216579,
    0.9890600259104649,
    0.9849678175574246,
    0.9838573690596146,
    0.9881757798844311,
    0.993213925846717,
    0.9931111065413643,
    0.9936868946513397,
    0.9931727981245758
  ],
  "training_time_sec": 185.13359999656677,
  "model_params": 66049
}