{
  "NDCG@1": 0.02666666666666667,
  "MRR@1": 0.02666666666666667,
  "Recall@1": 0.021777777777777778,
  "NDCG@5": 0.0629588684308585,
  "MRR@5": 0.05338888888888889,
  "Recall@5": 0.10272222222222221,
  "NDCG@10": 0.08873257348567458,
  "MRR@10": 0.06398677248677248,
  "Recall@10": 0.18100000000000005
}