{
  "NDCG@1": 0.13828689370485042,
  "MRR@1": 0.1609907120743034,
  "Recall@1": 0.01194920532666838,
  "NDCG@5": 0.12314077961481443,
  "MRR@5": 0.2230134158926729,
  "Recall@5": 0.03552856563420813,
  "NDCG@10": 0.1314070699452723,
  "MRR@10": 0.2435561944075877,
  "Recall@10": 0.06530522100570937
}