{
  "train_loss": [
    0.6341906925147057,
    0.42883234354035404,
    0.26027488237978263,
    0.17025770143784863,
    0.12166439507357,
    0.09310967878069772,
    0.07574707342792492,
    0.06319171588942665,
    0.05342318411761146,
    0.04720468203170474,
    0.04294758836425005,
    0.03947463270514556,
    0.0353147592371223,
    0.033273402004945316,
    0.030944042445205183
  ],
  "val_acc": [
    0.7478253716917889,
    0.8981677599786135,
    0.945937609245512,
    0.9735137469411257,
    0.9742334820785951,
    0.9877439388019494,
    0.9881757798844311,
    0.9900882189639927,
    0.993769150095622,
    0.9901293466861338,
    0.9914865615167904,
    0.9944271936498797,
    0.990766826379321,
    0.9926381377367415,
    0.9923913714038948
  ],
  "training_time_sec": 174.83660793304443,
  "model_params": 197121
}