{
  "train_loss": [
    0.6550030117267095,
    0.5218860778168914,
    0.38573819990367125,
    0.30137450800270094,
    0.24773220655154898,
    0.21239155131559326,
    0.18551498160212326,
    0.16737748223011736,
    0.15491179411372605,
    0.1418160045192229,
    0.13233727810398507,
    0.12394701687536054,
    0.11757920673850886,
    0.11138203343982284,
    0.10760142954045254
  ],
  "val_acc": [
    0.6833371033745296,
    0.8236443274589237,
    0.8976742273129202,
    0.9286022743630344,
    0.931255012441136,
    0.9589956610253141,
    0.9535256739805466,
    0.968742931172757,
    0.96329350798906,
    0.9706759341133891,
    0.9711077751958708,
    0.9780789240987888,
    0.980011927039421,
    0.9774414444056015,
    0.9815130888975714
  ],
  "training_time_sec": 182.41605877876282,
  "model_params": 328193
}