{
  "NDCG@1": 0.013333333333333334,
  "MRR@1": 0.013333333333333334,
  "Recall@1": 0.008444444444444444,
  "NDCG@5": 0.04130648382359234,
  "MRR@5": 0.034611111111111106,
  "Recall@5": 0.07088888888888889,
  "NDCG@10": 0.07157488316249351,
  "MRR@10": 0.047351851851851846,
  "Recall@10": 0.16394444444444445
}