{
  "train_loss": [
    0.6492044560846134,
    0.5235926385334732,
    0.42218304642136734,
    0.35433669857126465,
    0.30762614256233767,
    0.283150156019878,
    0.26071909861674375,
    0.24654447223338172,
    0.23651443768156433,
    0.22437902226254888,
    0.2197214760332548,
    0.21488667621522728,
    0.20576611627057703,
    0.20419954478078314,
    0.19672229782282405
  ],
  "val_acc": [
    0.6727937699025759,
    0.795062584733739,
    0.8249834473626131,
    0.8714569473783775,
    0.8920452754043573,
    0.9144938045842923,
    0.9012201658416622,
    0.8940000630576662,
    0.9136109972569915,
    0.9250244348456663,
    0.9086294416243654,
    0.9132326512595769,
    0.9059179619762273,
    0.9145253334174103,
    0.9157234290758899
  ],
  "training_time_sec": 120.6325089931488,
  "model_params": 328193
}