{
  "NDCG@1": 0.09287925696594423,
  "MRR@1": 0.11145510835913312,
  "Recall@1": 0.004866266117672304,
  "NDCG@5": 0.09470237425402053,
  "MRR@5": 0.18384932920536648,
  "Recall@5": 0.02245019937194002,
  "NDCG@10": 0.11017495324686392,
  "MRR@10": 0.20130227529608352,
  "Recall@10": 0.05397496558349429
}