{
  "train_loss": [
    0.6827324641478416,
    0.6746185323893583,
    0.6706835491854534,
    0.6678242549180082,
    0.6654247871981108,
    0.6635738986557027,
    0.6619497446034138,
    0.6605215351192119,
    0.6591743067468265,
    0.6579151134052487,
    0.6568560975126225,
    0.6559090383901155,
    0.6548957509181867,
    0.6540568593811648,
    0.6532724158880369
  ],
  "val_acc": [
    0.582533056406671,
    0.5883320652285673,
    0.5865635731764997,
    0.5964136626292953,
    0.5975858027103169,
    0.6003207962327006,
    0.605708527833186,
    0.6096567891587324,
    0.6063254436653026,
    0.6104793436015546,
    0.6153941063974172,
    0.6150239568981472,
    0.6161755331180983,
    0.6199592835550803,
    0.619877028110798
  ],
  "training_time_sec": 148.31327986717224,
  "model_params": 1281
}