{
  "train_loss": [
    0.6064585042283567,
    0.3894678519791404,
    0.26680618300841674,
    0.2113326296695314,
    0.18026538206366402,
    0.16000007031550073,
    0.14710170984111143,
    0.13412115511016778,
    0.1287201744885402,
    0.12278605979160308,
    0.11658253852899766,
    0.10991580013215387,
    0.10748186567210671,
    0.1025801400045333,
    0.10202066302790934
  ],
  "val_acc": [
    0.7723915381857297,
    0.8860523485120114,
    0.9302975977052707,
    0.9551810684833274,
    0.9514879885263535,
    0.9684833273574758,
    0.9605234851201148,
    0.9749372534958767,
    0.9762997490139835,
    0.9752599498027967,
    0.9755467909645034,
    0.9804230907135174,
    0.9772678379347436,
    0.982717820007171,
    0.9815704553603443
  ],
  "training_time_sec": 106.47374176979065,
  "model_params": 328193
}