{
  "NDCG@1": 0.09081527347781217,
  "MRR@1": 0.09907120743034056,
  "Recall@1": 0.003952212105963874,
  "NDCG@5": 0.10211931626698814,
  "MRR@5": 0.17177502579979378,
  "Recall@5": 0.03161996913237382,
  "NDCG@10": 0.112129052516024,
  "MRR@10": 0.19087178731141605,
  "Recall@10": 0.06021781306729118
}