{
  "train_loss": [
    0.6436036020936138,
    0.4711391557833852,
    0.31390095188688133,
    0.22234618151627197,
    0.16972208534484098,
    0.13459069559851125,
    0.11274544969051521,
    0.09744897980273949,
    0.08542925845374919,
    0.07665279692899973,
    0.07052302026033419,
    0.06494628263153067,
    0.059545231136575644,
    0.05808735910975616,
    0.05518661480870259
  ],
  "val_acc": [
    0.7165650770885622,
    0.8264610971674435,
    0.9263893868770169,
    0.9580853352456078,
    0.9633201864467551,
    0.9758336321262101,
    0.9765148798852635,
    0.9873431337396916,
    0.9876299749013984,
    0.9865543205449983,
    0.979956973825744,
    0.990462531373252,
    0.9922194334887057,
    0.9859447830763715,
    0.9914664754392255
  ],
  "training_time_sec": 112.91115283966064,
  "model_params": 852481
}