{
  "train_loss": [
    0.6110953107104453,
    0.3786076082988766,
    0.20782032502152226,
    0.12267622300927135,
    0.07987466084754566,
    0.05683629080433648,
    0.04381780959910157,
    0.03609639123448868,
    0.030461754088032568,
    0.02676340509398357,
    0.025136820452737428,
    0.022435169141650935,
    0.020716899942562553,
    0.018980910641107917,
    0.01874377707580392
  ],
  "val_acc": [
    0.7733237719612764,
    0.9132664037289351,
    0.962674793832915,
    0.9811760487629975,
    0.9888490498386519,
    0.9866260308354249,
    0.9921118680530656,
    0.9942990319110793,
    0.9917174614557189,
    0.9942990319110793,
    0.995231265686626,
    0.9958408031552528,
    0.9940121907493725,
    0.9949444245249194,
    0.9960559340265328
  ],
  "training_time_sec": 101.00504302978516,
  "model_params": 197121
}