{
  "train_loss": [
    0.638383770812915,
    0.4744922908630349,
    0.3280008876365579,
    0.23611453899877066,
    0.18161552408264092,
    0.1496912572294653,
    0.1262557036354219,
    0.11016332808025192,
    0.0985039430276491,
    0.08978542411714047,
    0.08044861462864633,
    0.07375765684885241,
    0.07076361822324946,
    0.06500998596329075,
    0.06177373154258186
  ],
  "val_acc": [
    0.7161348153460021,
    0.8290068124775906,
    0.922158479741843,
    0.9444245249193259,
    0.9732162065256365,
    0.9728217999282897,
    0.9845464324130513,
    0.9742201505916099,
    0.985155969881678,
    0.9885263535317318,
    0.987594119756185,
    0.990247400501972,
    0.9866977411258515,
    0.9884546432413052,
    0.9889207601290785
  ],
  "training_time_sec": 106.04077863693237,
  "model_params": 328193
}