{
  "train_loss": [
    0.6549457724617194,
    0.521368625549761,
    0.373664719740955,
    0.2719403925261562,
    0.20401015516715548,
    0.16232725318204436,
    0.1320975998814565,
    0.11103317424836354,
    0.09475741119309831,
    0.08448045227298524,
    0.07480694284294304,
    0.06815143845609856,
    0.06286419125966762,
    0.0593460655095876,
    0.05471684799025114
  ],
  "val_acc": [
    0.6768800509983754,
    0.8087766559049127,
    0.8970778753418742,
    0.9427707746406465,
    0.9476444097143679,
    0.9633140718501306,
    0.9783051265705649,
    0.9785518929034115,
    0.9808550453433137,
    0.9822328240350409,
    0.987209278414115,
    0.9892656645211705,
    0.9902938575746982,
    0.9908285179625327,
    0.9920417857656953
  ],
  "training_time_sec": 184.98979306221008,
  "model_params": 328193
}