{
  "NDCG@1": 0.058,
  "MRR@1": 0.058,
  "Recall@1": 0.011649999999999992,
  "NDCG@5": 0.0480926590805228,
  "MRR@5": 0.10338333333333333,
  "Recall@5": 0.046233333333333376,
  "NDCG@10": 0.07050896312623108,
  "MRR@10": 0.12113412698412702,
  "Recall@10": 0.08775000000000037
}