{
  "NDCG@1": 0.09907120743034055,
  "MRR@1": 0.11145510835913312,
  "Recall@1": 0.004666700291902597,
  "NDCG@5": 0.10467225699617033,
  "MRR@5": 0.1869453044375646,
  "Recall@5": 0.023603184300022156,
  "NDCG@10": 0.1127524498103445,
  "MRR@10": 0.20490564646911413,
  "Recall@10": 0.05093839904571669
}