{
  "train_loss": [
    0.6536522864543776,
    0.5198193610240652,
    0.34156075332309077,
    0.22118422252984546,
    0.1556663988052408,
    0.11599914122250725,
    0.09196531048554264,
    0.07433688407869538,
    0.06238994146350767,
    0.05326890677999362,
    0.04700431895253224,
    0.040488971079773686,
    0.03686924253782424,
    0.035019250017588474,
    0.0318841243545028
  ],
  "val_acc": [
    0.6765772298767223,
    0.8380994419396538,
    0.9296276444808778,
    0.9634580824163698,
    0.9669577828924552,
    0.9724437998549673,
    0.9798846044707885,
    0.9802629504682032,
    0.9905413500646341,
    0.9719393385250812,
    0.9887126777437967,
    0.9893432544061544,
    0.9926537818835325,
    0.9934735315445975,
    0.9942617523725447
  ],
  "training_time_sec": 119.59323716163635,
  "model_params": 328193
}