{
  "NDCG@1": 0.02,
  "MRR@1": 0.02,
  "Recall@1": 0.02,
  "NDCG@5": 0.057662845175497114,
  "MRR@5": 0.04572222222222222,
  "Recall@5": 0.09666666666666666,
  "NDCG@10": 0.09455415826742876,
  "MRR@10": 0.06067724867724868,
  "Recall@10": 0.212
}