{
  "NDCG@1": 0.02,
  "MRR@1": 0.02,
  "Recall@1": 0.004000000000000001,
  "NDCG@5": 0.0286969722498531,
  "MRR@5": 0.05888333333333341,
  "Recall@5": 0.0313166666666666,
  "NDCG@10": 0.04655075883527749,
  "MRR@10": 0.07493730158730165,
  "Recall@10": 0.06416666666666687
}