{
  "train_loss": [
    0.6449329589392347,
    0.47980946640863026,
    0.319338514298363,
    0.21862917331696102,
    0.156557946442139,
    0.11926026846321446,
    0.09395813093375674,
    0.07574741837013313,
    0.06465875487492836,
    0.05695789546022314,
    0.049913533777105355,
    0.044476131907627385,
    0.042998311225421554,
    0.038681436023367224,
    0.03650792833557005
  ],
  "val_acc": [
    0.7088203657224812,
    0.8547508067407673,
    0.9295804948010039,
    0.9590175690211545,
    0.9749013983506634,
    0.9799928289709573,
    0.9867335962710649,
    0.9888131946934385,
    0.9905342416636788,
    0.9927572606669057,
    0.9924345643599857,
    0.9940121907493725,
    0.9946575833632126,
    0.9933667981355324,
    0.9889566152742919
  ],
  "training_time_sec": 105.65782618522644,
  "model_params": 328193
}