{
  "train_loss": [
    0.5844343929055567,
    0.31764959489351396,
    0.16590583895137873,
    0.09684567467758504,
    0.06268554849225354,
    0.04544254858166958,
    0.035131638782640535,
    0.029037330564196138,
    0.025446111635851976,
    0.022766120151172874,
    0.019984961113451674,
    0.018645673804959975,
    0.018575644674800818,
    0.017184035307274043,
    0.016179854068081496
  ],
  "val_acc": [
    0.822588741484403,
    0.9403728935102187,
    0.9743994263176766,
    0.9802079598422374,
    0.9904983865184654,
    0.9919684474722122,
    0.9933667981355324,
    0.9940121907493725,
    0.995016134815346,
    0.9945500179275726,
    0.9928289709573324,
    0.9949802796701327,
    0.9936536392972392,
    0.9949444245249194,
    0.9952671208318393
  ],
  "training_time_sec": 98.79914474487305,
  "model_params": 131585
}