{
  "NDCG@1": 0.02,
  "MRR@1": 0.02,
  "Recall@1": 0.018333333333333333,
  "NDCG@5": 0.059038697606735864,
  "MRR@5": 0.049555555555555554,
  "Recall@5": 0.09644444444444444,
  "NDCG@10": 0.09109556578980929,
  "MRR@10": 0.0630238095238095,
  "Recall@10": 0.19505555555555557
}