{
  "train_loss": [
    0.4573140710182029,
    0.15176642978425556,
    0.08296835577918805,
    0.06123891475500663,
    0.05164353465666081,
    0.04453507049925737,
    0.040066059911715406,
    0.03693094842452522,
    0.03427117176373696,
    0.03219671082338544,
    0.029796166204477517,
    0.02869544604133852,
    0.02606772340036711,
    0.024852699853166054,
    0.0227402004161631
  ],
  "val_acc": [
    0.9283255647185371,
    0.9754033703836501,
    0.9863750448189316,
    0.9879526712083184,
    0.9894585873072786,
    0.9924345643599857,
    0.9912871997131588,
    0.990462531373252,
    0.9942990319110793,
    0.9928289709573324,
    0.9936177841520258,
    0.9931875224094657,
    0.9939404804589459,
    0.9918967371817856,
    0.9925062746504123
  ],
  "training_time_sec": 102.26761603355408,
  "model_params": 164353
}