{
  "train_loss": [
    0.5997694104218644,
    0.3442826661480299,
    0.18930195386993845,
    0.1174619599958037,
    0.08111774346905037,
    0.06113127617381157,
    0.049057933018389774,
    0.04112713551424538,
    0.035783188430078265,
    0.031596368742915375,
    0.02891147827323709,
    0.02664586604255089,
    0.023371136442000055,
    0.02246860873433484,
    0.022248844400783133
  ],
  "val_acc": [
    0.8025252421394641,
    0.9317485451068293,
    0.9723210429990335,
    0.977934977071295,
    0.990396676880051,
    0.9912809229060848,
    0.989286228382241,
    0.9922474243764009,
    0.9928232124863764,
    0.994735651565938,
    0.9942421189002447,
    0.9941598634559625,
    0.9941187357338214,
    0.996031174813383,
    0.9948590347323614
  ],
  "training_time_sec": 170.77039313316345,
  "model_params": 131585
}