{
  "NDCG@1": 0.02,
  "MRR@1": 0.02,
  "Recall@1": 0.017333333333333333,
  "NDCG@5": 0.05665625069117295,
  "MRR@5": 0.045944444444444434,
  "Recall@5": 0.09477777777777778,
  "NDCG@10": 0.08426500802206582,
  "MRR@10": 0.058297619047619036,
  "Recall@10": 0.1766666666666667
}