{
  "NDCG@1": 0.07333333333333333,
  "MRR@1": 0.07333333333333333,
  "Recall@1": 0.06444444444444446,
  "NDCG@5": 0.15969627834886158,
  "MRR@5": 0.13933333333333334,
  "Recall@5": 0.24705555555555558,
  "NDCG@10": 0.2070848567495716,
  "MRR@10": 0.15785185185185194,
  "Recall@10": 0.3915
}