{
  "NDCG@1": 0.08875128998968007,
  "MRR@1": 0.09907120743034056,
  "Recall@1": 0.005616745715895041,
  "NDCG@5": 0.09633698388390732,
  "MRR@5": 0.1695046439628484,
  "Recall@5": 0.024388932445454568,
  "NDCG@10": 0.10827387440512168,
  "MRR@10": 0.191231755860239,
  "Recall@10": 0.052022243089856576
}