{
  "train_loss": [
    0.6383065462485017,
    0.433580886750928,
    0.25329744749642613,
    0.15951512520144664,
    0.11170913358584357,
    0.08291981782737233,
    0.06767449140995141,
    0.05630167889580202,
    0.04757734931697314,
    0.04298380858074394,
    0.038062217110935874,
    0.035326628834149734,
    0.032245081815787266,
    0.030954591533570965,
    0.028301273099748718
  ],
  "val_acc": [
    0.7240535482942277,
    0.8991753891710708,
    0.9528470665652183,
    0.9763515597688622,
    0.9772769335170371,
    0.9881140883012194,
    0.9911575397396615,
    0.9898620164922166,
    0.9918155832939193,
    0.9941392995948919,
    0.9917333278496371,
    0.9911164120175204,
    0.9905406239075448,
    0.9948590347323614,
    0.9959283555080302
  ],
  "training_time_sec": 191.13303184509277,
  "model_params": 656385
}