{
  "NDCG@1": 0.13725490196078433,
  "MRR@1": 0.14551083591331268,
  "Recall@1": 0.010451115816243105,
  "NDCG@5": 0.13159440438589798,
  "MRR@5": 0.2265737874097007,
  "Recall@5": 0.03496912104013873,
  "NDCG@10": 0.13130289976480136,
  "MRR@10": 0.2381935230232444,
  "Recall@10": 0.06078036910232397
}