{
  "train_loss": [
    0.6657428242369527,
    0.5994385518312153,
    0.5038212110348337,
    0.42013912607938014,
    0.35936616244637803,
    0.31350040437106375,
    0.2798852701618572,
    0.25486654981989576,
    0.2326756206776801,
    0.21631944361336594,
    0.20126192936248616,
    0.1897604897444478,
    0.17677127333571677,
    0.16790101618927636,
    0.1607072115926281
  ],
  "val_acc": [
    0.646151905917962,
    0.7231453163918403,
    0.8213261027209383,
    0.86798877573541,
    0.910142825614024,
    0.9219976668663493,
    0.930668095973768,
    0.9496799823438534,
    0.9376359680928209,
    0.9526121638238169,
    0.9419869470630892,
    0.9614087082637072,
    0.9555443453037803,
    0.9721600403569064,
    0.9643724185767885
  ],
  "training_time_sec": 128.69788599014282,
  "model_params": 852481
}