{
  "train_loss": [
    0.5855322938133593,
    0.3517877151097238,
    0.2127342310378604,
    0.13975882507563664,
    0.09877270686295678,
    0.07552874410858286,
    0.06045772853714195,
    0.049348148308717865,
    0.041690868372872156,
    0.03664537688761582,
    0.03370715320740106,
    0.030063485687419372,
    0.026958197434093608,
    0.02679735654709644,
    0.024106668619029565
  ],
  "val_acc": [
    0.8098243097884547,
    0.9148081749731086,
    0.9584438866977412,
    0.9715310147006095,
    0.9816780207959842,
    0.9836859089279312,
    0.9869128719971316,
    0.9880960917891718,
    0.9886697741125852,
    0.9920760129078523,
    0.9917174614557189,
    0.9906776622445321,
    0.9892793115812119,
    0.9905700968088921,
    0.9923269989243456
  ],
  "training_time_sec": 107.19830799102783,
  "model_params": 66049
}