{
  "NDCG@1": 0.031,
  "MRR@1": 0.031,
  "Recall@1": 0.006250000000000003,
  "NDCG@5": 0.02773067277482502,
  "MRR@5": 0.0598833333333334,
  "Recall@5": 0.02718333333333328,
  "NDCG@10": 0.04250233048247366,
  "MRR@10": 0.07332420634920643,
  "Recall@10": 0.0545666666666668
}