{
  "train_loss": [
    0.6175838287867411,
    0.3868749215237418,
    0.2523661474151105,
    0.1852985683925811,
    0.15143983929271398,
    0.13001615979185513,
    0.11573451946660179,
    0.10528075492614733,
    0.09431513963227946,
    0.08871316815222204,
    0.08291421184560793,
    0.07667331697081692,
    0.07328380940824956,
    0.06882163805472188,
    0.06449563209823986
  ],
  "val_acc": [
    0.7506991753316601,
    0.8929365363929724,
    0.934887056292578,
    0.9423807816421657,
    0.9615632843313016,
    0.9774471136608103,
    0.9718178558623163,
    0.9810684833273575,
    0.9839727500896379,
    0.9789171746145572,
    0.9845464324130513,
    0.9863391896737181,
    0.9847615632843313,
    0.9868411617067049,
    0.9893868770168519
  ],
  "training_time_sec": 131.20415997505188,
  "model_params": 820225
}