{
  "NDCG@1": 0.034,
  "MRR@1": 0.034,
  "Recall@1": 0.006850000000000003,
  "NDCG@5": 0.03125934193084182,
  "MRR@5": 0.06668333333333339,
  "Recall@5": 0.0307166666666666,
  "NDCG@10": 0.047378254194967946,
  "MRR@10": 0.08040555555555563,
  "Recall@10": 0.06070000000000013
}