{
  "train_loss": [
    0.4334919667127454,
    0.11559094380432315,
    0.06521507420754448,
    0.04953047943243952,
    0.03878066020154231,
    0.03434893296017696,
    0.02942411470718956,
    0.026941489487170248,
    0.024357159464133547,
    0.02274136874926112,
    0.01983382554112155,
    0.019995609555325984,
    0.019755160754411482,
    0.016012935943153256,
    0.015948868537058118
  ],
  "val_acc": [
    0.9518554718289876,
    0.982533026452691,
    0.9893117255730366,
    0.9910142825614024,
    0.9866948324242519,
    0.9890279660749756,
    0.990572878897752,
    0.9931582432134187,
    0.9965318283570325,
    0.9956174921966138,
    0.9923069647192357,
    0.9951760885329634,
    0.9970047608538009,
    0.9949869155342561,
    0.9937257622095407
  ],
  "training_time_sec": 115.35204267501831,
  "model_params": 164353
}