{
  "train_loss": [
    0.6537827704999065,
    0.5072507572504792,
    0.3087448733789473,
    0.18676364890864638,
    0.12322388535969118,
    0.08707997307984668,
    0.06416285559887355,
    0.0515949529855222,
    0.04182019901308049,
    0.03617985921046928,
    0.030500396058605782,
    0.027706839116425273,
    0.023042774192145045,
    0.021574767760452102,
    0.020662198053409544
  ],
  "val_acc": [
    0.6625153703061449,
    0.836649115616231,
    0.9283980199892802,
    0.9627329192546584,
    0.9762587886622316,
    0.985559794432008,
    0.9940725793738374,
    0.9879244569158495,
    0.9866633035911341,
    0.9943878677050162,
    0.9869155342560771,
    0.9965948860232683,
    0.9827221994513983,
    0.9895954850710975,
    0.9971624050193902
  ],
  "training_time_sec": 124.81999683380127,
  "model_params": 656385
}