{
  "train_loss": [
    0.6313726496031693,
    0.4337293399921627,
    0.3149249411814208,
    0.25239674642444304,
    0.21444175075871377,
    0.19133622859694893,
    0.17196191134990527,
    0.15752092794872002,
    0.14668750956756887,
    0.135914128654742,
    0.12730313551559036,
    0.12095340740738116,
    0.11579779603217195,
    0.10799462943922941,
    0.10571442715917717
  ],
  "val_acc": [
    0.7423142569248802,
    0.8752801826070863,
    0.9004092208353041,
    0.9355322955438113,
    0.9567542001686237,
    0.9590779164695963,
    0.9648357975693517,
    0.9587283308313969,
    0.9726911924983035,
    0.971004955890518,
    0.9728145756647268,
    0.9717041271669169,
    0.972115404388328,
    0.9804026403997614,
    0.9716218717226346
  ],
  "training_time_sec": 225.6245458126068,
  "model_params": 820225
}