{
  "NDCG@1": 0.08333333333333333,
  "MRR@1": 0.08333333333333333,
  "Recall@1": 0.07177777777777777,
  "NDCG@5": 0.17595701489825777,
  "MRR@5": 0.1537777777777778,
  "Recall@5": 0.2667777777777778,
  "NDCG@10": 0.21591075026954779,
  "MRR@10": 0.17047883597883604,
  "Recall@10": 0.38499999999999995
}