{
    "scifact": {
        "baseline": {
            "ndcg@10": 0.646584567652581,
            "mrr@10": 0.6257460317460317
        },
        "intervened": {
            "ndcg@10": 0.422093747675858,
            "mrr@10": 0.3834126984126984
        }
    },
    "nfcorpus": {
        "baseline": {
            "ndcg@10": 0.3076916983776239,
            "mrr@10": 0.5990000000000001
        },
        "intervened": {
            "ndcg@10": 0.15596747067723543,
            "mrr@10": 0.3417777777777778
        }
    },
    "scidocs": {
        "baseline": {
            "ndcg@10": 0.12816108666462367,
            "mrr@10": 0.23204761904761906
        },
        "intervened": {
            "ndcg@10": 0.07995910373358202,
            "mrr@10": 0.12896825396825395
        }
    }
}