{
  "NDCG@1": 0.021,
  "MRR@1": 0.021,
  "Recall@1": 0.0043500000000000014,
  "NDCG@5": 0.02518557812068869,
  "MRR@5": 0.05055000000000003,
  "Recall@5": 0.026033333333333287,
  "NDCG@10": 0.03995265275282053,
  "MRR@10": 0.06525000000000011,
  "Recall@10": 0.05358333333333347
}