{
  "NDCG@1": 0.027,
  "MRR@1": 0.027,
  "Recall@1": 0.005500000000000001,
  "NDCG@5": 0.029445271871923775,
  "MRR@5": 0.060483333333333375,
  "Recall@5": 0.029766666666666615,
  "NDCG@10": 0.045269305370944146,
  "MRR@10": 0.07517063492063498,
  "Recall@10": 0.059350000000000167
}