{
  "NDCG@1": 0.041,
  "MRR@1": 0.041,
  "Recall@1": 0.008400000000000003,
  "NDCG@5": 0.03031649664290451,
  "MRR@5": 0.06585000000000003,
  "Recall@5": 0.02853333333333328,
  "NDCG@10": 0.04680694110221938,
  "MRR@10": 0.08132063492063497,
  "Recall@10": 0.05935000000000016
}