{
  "NDCG@1": 0.024,
  "MRR@1": 0.024,
  "Recall@1": 0.005033333333333336,
  "NDCG@5": 0.026432032763124377,
  "MRR@5": 0.05581666666666671,
  "Recall@5": 0.027266666666666613,
  "NDCG@10": 0.042524728429841015,
  "MRR@10": 0.07003849206349216,
  "Recall@10": 0.0572666666666668
}