{
  "NDCG@1": 0.10216718266253867,
  "MRR@1": 0.12074303405572756,
  "Recall@1": 0.012401153435211833,
  "NDCG@5": 0.10794705422297178,
  "MRR@5": 0.18818369453044384,
  "Recall@5": 0.02638824156330013,
  "NDCG@10": 0.11782592272937675,
  "MRR@10": 0.2085041033957443,
  "Recall@10": 0.05530087395648741
}