{
  "NDCG@1": 0.12074303405572757,
  "MRR@1": 0.13312693498452013,
  "Recall@1": 0.009188199714632864,
  "NDCG@5": 0.1091453832183954,
  "MRR@5": 0.20165118679050578,
  "Recall@5": 0.026305753132317297,
  "NDCG@10": 0.11496379524349795,
  "MRR@10": 0.22168042655658776,
  "Recall@10": 0.05392634688926557
}