{
  "train_loss": [
    0.6805023020408473,
    0.6698869067480067,
    0.6643885177666183,
    0.6605738591491441,
    0.657456628856462,
    0.6546065002073009,
    0.6523728372632244,
    0.650342277872689,
    0.648484876821128,
    0.6467107728760394,
    0.6452111830368129,
    0.6439793252965459,
    0.642403327567481,
    0.6412812655998363,
    0.6401205227219139
  ],
  "val_acc": [
    0.5792398709214772,
    0.5899964144854787,
    0.5965220509143062,
    0.6011115095016135,
    0.6064539261384009,
    0.614844030118322,
    0.6149157404087486,
    0.6090354965937612,
    0.6228755826461098,
    0.6240588024381499,
    0.6180709931875225,
    0.6241663678737899,
    0.6234134098243098,
    0.6289709573323772,
    0.6305127285765507
  ],
  "training_time_sec": 84.94874215126038,
  "model_params": 1281
}