{
  "train_loss": [
    0.5625635602810946,
    0.3642663170474324,
    0.2715553339396945,
    0.22963617136056005,
    0.2060902481027239,
    0.1903054739161856,
    0.17601076931155946,
    0.17150205547673555,
    0.16123898016573088,
    0.1542304886963035,
    0.15187812780944954,
    0.14512536347060362,
    0.1414154059805615,
    0.13611725875784844,
    0.13309924790405517
  ],
  "val_acc": [
    0.8025979758489138,
    0.8887662767600971,
    0.9172683418986664,
    0.9255604250086704,
    0.931519374467951,
    0.9535580288173535,
    0.9535264999842356,
    0.9515401834978088,
    0.9456758205378819,
    0.9578144212882681,
    0.9609042469338209,
    0.9561433931330201,
    0.9657912160670934,
    0.9616924677617681,
    0.9615032947630608
  ],
  "training_time_sec": 126.3678081035614,
  "model_params": 655873
}