{
  "train_loss": [
    0.6549410765739287,
    0.5194458450976416,
    0.33533816360134494,
    0.21854648000806157,
    0.15605134192717932,
    0.12084754112718009,
    0.09704464272294114,
    0.08331773099319217,
    0.07213648240895845,
    0.06351436771549905,
    0.05795492707119848,
    0.051285527345828925,
    0.047646937844981196,
    0.04455113983228638,
    0.04141525566037087
  ],
  "val_acc": [
    0.6725415392376328,
    0.8385093167701864,
    0.9191285430526216,
    0.9592647476116909,
    0.9703628968691869,
    0.9743670586751584,
    0.9892801967399186,
    0.9834473626131097,
    0.9765110193271747,
    0.9752813948355772,
    0.992779897216004,
    0.9893747832392723,
    0.9942932812056626,
    0.9949553867011381,
    0.9907620518964593
  ],
  "training_time_sec": 120.54228281974792,
  "model_params": 328193
}