{
  "train_loss": [
    0.628935900191491,
    0.4379779177986809,
    0.30789937989934246,
    0.23686534493860953,
    0.19947668637183094,
    0.17560020467456697,
    0.16264572191565366,
    0.14501904728922235,
    0.13274491363114585,
    0.12781026219916242,
    0.11927717775646668,
    0.11320437705308706,
    0.10867854156678197,
    0.10374864949862395,
    0.0993756675157898
  ],
  "val_acc": [
    0.7266450168679257,
    0.8685878235646499,
    0.9214932055364631,
    0.9453920610398209,
    0.9577198347889144,
    0.9570892581265568,
    0.967020840558691,
    0.9644354762430243,
    0.9642147744111991,
    0.9691648012107071,
    0.9750922218368698,
    0.9611564775987641,
    0.977267711322004,
    0.9697323202068291,
    0.9692593877100608
  ],
  "training_time_sec": 148.13296222686768,
  "model_params": 820225
}