{
  "NDCG@1": 0.08668730650154798,
  "MRR@1": 0.09287925696594428,
  "Recall@1": 0.003907269091513711,
  "NDCG@5": 0.1004602297664444,
  "MRR@5": 0.17120743034055733,
  "Recall@5": 0.023895258778205485,
  "NDCG@10": 0.11015823337959035,
  "MRR@10": 0.19040861958818625,
  "Recall@10": 0.051894369877431526
}