{
  "NDCG@1": 0.02,
  "MRR@1": 0.02,
  "Recall@1": 0.017333333333333333,
  "NDCG@5": 0.06056986629576466,
  "MRR@5": 0.049777777777777775,
  "Recall@5": 0.10688888888888888,
  "NDCG@10": 0.09393608954038717,
  "MRR@10": 0.06349470899470898,
  "Recall@10": 0.2063888888888889
}