{
  "train_loss": [
    0.6409507860376735,
    0.46120853250068794,
    0.264577207268036,
    0.15636878208002405,
    0.0982141147645996,
    0.068705854631143,
    0.04949348810578674,
    0.03851769270632571,
    0.030602525080487244,
    0.02528025031525496,
    0.02303000031409651,
    0.019358758016696145,
    0.016626338477197723,
    0.015314139894484031,
    0.01451931590572426
  ],
  "val_acc": [
    0.7154838099441939,
    0.8755556956837027,
    0.9364694012674591,
    0.9709619446984267,
    0.9659173313995649,
    0.9934735315445975,
    0.989469369738626,
    0.9919916763880569,
    0.9948923290349024,
    0.993599646877069,
    0.9951445596998455,
    0.9922754358861179,
    0.9947346848693129,
    0.9956490210297317,
    0.9974776933505691
  ],
  "training_time_sec": 114.4546570777893,
  "model_params": 197121
}