{
  "NDCG@1": 0.01,
  "MRR@1": 0.01,
  "Recall@1": 0.01,
  "NDCG@5": 0.03506641545509212,
  "MRR@5": 0.026388888888888885,
  "Recall@5": 0.06527777777777777,
  "NDCG@10": 0.07199290729305478,
  "MRR@10": 0.0420238095238095,
  "Recall@10": 0.1755
}