{
  "train_loss": [
    0.6177689709473979,
    0.40880115873651274,
    0.24781585731091446,
    0.1615738305560352,
    0.11528679385245748,
    0.08556950259483966,
    0.06892123952423414,
    0.056002076086852454,
    0.0471629072889136,
    0.03955316001045533,
    0.03527995362850834,
    0.030596026339307473,
    0.028170902976792065,
    0.02484748231173372,
    0.022490519873473752
  ],
  "val_acc": [
    0.748746728883564,
    0.905981019642463,
    0.9505943185042721,
    0.9747454046725731,
    0.9787495664785446,
    0.9859066115963048,
    0.9805467099662641,
    0.9904467635652805,
    0.9909196960620488,
    0.9884919759119715,
    0.9883658605794999,
    0.9940725793738374,
    0.9943563388718983,
    0.9924015512185894,
    0.993347416212126
  ],
  "training_time_sec": 121.4975790977478,
  "model_params": 66049
}