{
  "train_loss": [
    0.6717304077503771,
    0.6140198774254622,
    0.5553867728729001,
    0.5053928695456098,
    0.46942034804481764,
    0.43903932131754564,
    0.4145378205636591,
    0.39425555228216314,
    0.3759719018143716,
    0.36122481512075233,
    0.34638694648773855,
    0.33520009546128715,
    0.3238088954819192,
    0.3174354831238761,
    0.3077141139401988
  ],
  "val_acc": [
    0.6292130210368299,
    0.7027905159472743,
    0.755619075037529,
    0.7819202533467684,
    0.8157889325299719,
    0.8315408501100167,
    0.8470460013572149,
    0.8572662403092804,
    0.874005223220712,
    0.862962429825824,
    0.8751773633017336,
    0.875568076662074,
    0.8957823520944292,
    0.9070102202389521,
    0.9112463756194863
  ],
  "training_time_sec": 198.65505504608154,
  "model_params": 852481
}