{
  "NDCG@1": 0.02666666666666667,
  "MRR@1": 0.02666666666666667,
  "Recall@1": 0.025,
  "NDCG@5": 0.06770348871143203,
  "MRR@5": 0.05694444444444444,
  "Recall@5": 0.10983333333333334,
  "NDCG@10": 0.10365684963444954,
  "MRR@10": 0.07179761904761903,
  "Recall@10": 0.22033333333333333
}