{
  "train_loss": [
    0.5165491289589239,
    0.26002219789945913,
    0.16833966815047466,
    0.13115146319729903,
    0.11178642291387242,
    0.10027276604402419,
    0.08863443696998533,
    0.08129911342326468,
    0.07503491661167223,
    0.07221223036599353,
    0.0687655057274637,
    0.06620691233007603,
    0.06267242742754647,
    0.05931203652368778,
    0.05712172304835504
  ],
  "val_acc": [
    0.865435640014342,
    0.937002509860165,
    0.9659017569021154,
    0.932986733596271,
    0.977733954822517,
    0.9821441376837576,
    0.9814270347794909,
    0.9814628899247042,
    0.9815346002151308,
    0.9835066332018645,
    0.984725708139118,
    0.9873431337396916,
    0.9759053424166367,
    0.9826102545715311,
    0.9893868770168519
  ],
  "training_time_sec": 111.4761860370636,
  "model_params": 655873
}