{
  "train_loss": [
    0.6467606677176,
    0.5522984127834413,
    0.4967183345957284,
    0.4653377569163977,
    0.4427203553952283,
    0.428907081975045,
    0.4152025637054624,
    0.40736612841808045,
    0.3989500051428954,
    0.38992054495230616,
    0.3848565203134785,
    0.37861600533914636,
    0.3759836028709206,
    0.37330860352267126,
    0.3645776593115479
  ],
  "val_acc": [
    0.6532933023504494,
    0.746200826667215,
    0.7824960414567439,
    0.7939706759341134,
    0.8125192786197536,
    0.8197166299944477,
    0.8170638919163462,
    0.8304715293343479,
    0.8475395340229082,
    0.8410619177856834,
    0.8511999012934669,
    0.8539760225379918,
    0.8487528018260708,
    0.8575335705031977,
    0.8512821567377491
  ],
  "training_time_sec": 183.14764308929443,
  "model_params": 328193
}