{
  "NDCG@1": 0.032,
  "MRR@1": 0.032,
  "Recall@1": 0.006500000000000003,
  "NDCG@5": 0.030611898014493936,
  "MRR@5": 0.06553333333333339,
  "Recall@5": 0.030633333333333273,
  "NDCG@10": 0.04421049390606641,
  "MRR@10": 0.07776428571428576,
  "Recall@10": 0.05603333333333348
}