{
  "NDCG@1": 0.02,
  "MRR@1": 0.02,
  "Recall@1": 0.016111111111111114,
  "NDCG@5": 0.0595223329672488,
  "MRR@5": 0.05033333333333333,
  "Recall@5": 0.10011111111111112,
  "NDCG@10": 0.0849736829280006,
  "MRR@10": 0.061084656084656075,
  "Recall@10": 0.1761666666666667
}