{
  "train_loss": [
    0.6244675259947927,
    0.39888559363002585,
    0.21638940030340137,
    0.12908350107874275,
    0.08529649602970364,
    0.06055215378732316,
    0.04570087354317834,
    0.036068395141824555,
    0.03035576778016562,
    0.024896714909232374,
    0.021613954470438877,
    0.01879958539213492,
    0.01705791523662034,
    0.014989880443853649,
    0.014472331351479914
  ],
  "val_acc": [
    0.7654570104360437,
    0.9147145064161175,
    0.9575937194564429,
    0.9815871614591544,
    0.9808304694643252,
    0.9910458113945203,
    0.9912665132263455,
    0.992779897216004,
    0.9952076173660813,
    0.9939464640413658,
    0.9923384935523536,
    0.9907305230633414,
    0.9973200491849796,
    0.9965002995239146,
    0.9947346848693129
  ],
  "training_time_sec": 112.2013680934906,
  "model_params": 131585
}