{
  "NDCG@1": 0.02666666666666667,
  "MRR@1": 0.02666666666666667,
  "Recall@1": 0.024444444444444446,
  "NDCG@5": 0.06741570110511397,
  "MRR@5": 0.056833333333333326,
  "Recall@5": 0.11038888888888888,
  "NDCG@10": 0.09612107847713407,
  "MRR@10": 0.0686058201058201,
  "Recall@10": 0.19672222222222221
}