{
  "NDCG@1": 0.024,
  "MRR@1": 0.024,
  "Recall@1": 0.0049000000000000024,
  "NDCG@5": 0.025444583678317666,
  "MRR@5": 0.05286666666666671,
  "Recall@5": 0.025733333333333292,
  "NDCG@10": 0.04040155528756702,
  "MRR@10": 0.06657936507936515,
  "Recall@10": 0.053716666666666774
}