{
  "train_loss": [
    0.6355765101507601,
    0.43516140346339754,
    0.26063492678154976,
    0.1636814633771619,
    0.11036995440296314,
    0.08256901967212887,
    0.06494728582455815,
    0.052240039571822716,
    0.043943628182625094,
    0.04002316873967311,
    0.03574585932402962,
    0.03081857810281153,
    0.030771058397099843,
    0.028527491193231738,
    0.025425779472581216
  ],
  "val_acc": [
    0.7447113660810326,
    0.8870921477231983,
    0.939763356041592,
    0.9606310505557547,
    0.9752599498027967,
    0.982395123700251,
    0.9915740408748656,
    0.9917891717461456,
    0.9934743635711725,
    0.992577984940839,
    0.9938329150233058,
    0.9945858730727859,
    0.9941914664754392,
    0.9912154894227322,
    0.995231265686626
  ],
  "training_time_sec": 111.11272192001343,
  "model_params": 656385
}