{
  "NDCG@1": 0.11248710010319918,
  "MRR@1": 0.12074303405572756,
  "Recall@1": 0.005560781278527624,
  "NDCG@5": 0.10728330970615588,
  "MRR@5": 0.1884932920536637,
  "Recall@5": 0.02788602628964011,
  "NDCG@10": 0.11633720117529657,
  "MRR@10": 0.20778539485969838,
  "Recall@10": 0.05424422436421723
}