{
  "NDCG@1": 0.029,
  "MRR@1": 0.029,
  "Recall@1": 0.005850000000000003,
  "NDCG@5": 0.030771104456358066,
  "MRR@5": 0.06253333333333337,
  "Recall@5": 0.03133333333333327,
  "NDCG@10": 0.046503320403993555,
  "MRR@10": 0.076568253968254,
  "Recall@10": 0.06048333333333348
}